,TF-IDF weight,Term
0,0.20381664968943072,ser cortnay
1,0.16115735091722427,ser jacelyn
2,0.12323797423081857,jaqen hghar
3,0.11375813005921713,maester cressen
4,0.10901820797341642,black betha
5,0.09005851963021357,lady hornwood
6,0.08057867545861214,thoren smallwood
7,0.07583875337281143,lady selyse
8,0.07109883128701071,cortnay penrose
9,0.06635890920121,jacelyn bywater
